time_s,fan_rpm,neck_vel_rad_s,shoulder_vel_rad_s,walking
0.0000,2400.0000,0.0000,0.0000,0.0000
0.0100,2409.0000,0.0000,0.0000,0.0000
0.0200,2418.0000,0.0000,0.0000,0.0000
0.0300,2427.0000,0.0000,0.0000,0.0000
0.0400,2436.0000,0.0000,0.0000,0.0000
0.0500,2445.0000,0.0000,0.0000,0.0000
0.0600,2454.0000,0.0000,0.0000,0.0000
0.0700,2463.0000,0.0000,0.0000,0.0000
0.0800,2472.0000,0.0000,0.0000,0.0000
0.0900,2481.0000,0.0000,0.0000,0.0000
0.1000,2490.0000,0.0000,0.0000,0.0000
0.1100,2499.0000,0.0000,0.0000,0.0000
0.1200,2508.0000,0.0000,0.0000,0.0000
0.1300,2517.0000,0.0000,0.0000,0.0000
0.1400,2526.0000,0.0000,0.0000,0.0000
0.1500,2535.0000,0.0000,0.0000,0.0000
0.1600,2544.0000,0.0000,0.0000,0.0000
0.1700,2553.0000,0.0000,0.0000,0.0000
0.1800,2562.0000,0.0000,0.0000,0.0000
0.1900,2571.0000,0.0000,0.0000,0.0000
0.2000,2580.0000,0.0000,0.0000,0.0000
0.2100,2589.0000,0.0000,0.0000,0.0000
0.2200,2598.0000,0.0000,0.0000,0.0000
0.2300,2607.0000,0.0000,0.0000,0.0000
0.2400,2616.0000,0.0000,0.0000,0.0000
0.2500,2625.0000,0.0000,0.0000,0.0000
0.2600,2634.0000,0.0000,0.0000,0.0000
0.2700,2643.0000,0.0000,0.0000,0.0000
0.2800,2652.0000,0.0000,0.0000,0.0000
0.2900,2661.0000,0.0000,0.0000,0.0000
0.3000,2670.0000,0.0000,0.0000,0.0000
0.3100,2679.0000,0.0000,0.0000,0.0000
0.3200,2688.0000,0.0000,0.0000,0.0000
0.3300,2697.0000,0.0000,0.0000,0.0000
0.3400,2706.0000,0.0000,0.0000,0.0000
0.3500,2715.0000,0.0000,0.0000,0.0000
0.3600,2724.0000,0.0000,0.0000,0.0000
0.3700,2733.0000,0.0000,0.0000,0.0000
0.3800,2742.0000,0.0000,0.0000,0.0000
0.3900,2751.0000,0.0000,0.0000,0.0000
0.4000,2760.0000,0.0000,0.0000,0.0000
0.4100,2769.0000,0.0000,0.0000,0.0000
0.4200,2778.0000,0.0000,0.0000,0.0000
0.4300,2787.0000,0.0000,0.0000,0.0000
0.4400,2796.0000,0.0000,0.0000,0.0000
0.4500,2805.0000,0.0000,0.0000,0.0000
0.4600,2814.0000,0.0000,0.0000,0.0000
0.4700,2823.0000,0.0000,0.0000,0.0000
0.4800,2832.0000,0.0000,0.0000,0.0000
0.4900,2841.0000,0.0000,0.0000,0.0000
0.5000,2850.0000,0.0000,0.0000,0.0000
0.5100,2859.0000,0.0000,0.0000,0.0000
0.5200,2868.0000,0.0000,0.0000,0.0000
0.5300,2877.0000,0.0000,0.0000,0.0000
0.5400,2886.0000,0.0000,0.0000,0.0000
0.5500,2895.0000,0.0000,0.0000,0.0000
0.5600,2904.0000,0.0000,0.0000,0.0000
0.5700,2913.0000,0.0000,0.0000,0.0000
0.5800,2922.0000,0.0000,0.0000,0.0000
0.5900,2931.0000,0.0000,0.0000,0.0000
0.6000,2940.0000,0.0000,0.0000,0.0000
0.6100,2949.0000,0.0000,0.0000,0.0000
0.6200,2958.0000,0.0000,0.0000,0.0000
0.6300,2967.0000,0.0000,0.0000,0.0000
0.6400,2976.0000,0.0000,0.0000,0.0000
0.6500,2985.0000,0.0000,0.0000,0.0000
0.6600,2994.0000,0.0000,0.0000,0.0000
0.6700,3003.0000,0.0000,0.0000,0.0000
0.6800,3012.0000,0.0000,0.0000,0.0000
0.6900,3021.0000,0.0000,0.0000,0.0000
0.7000,3030.0000,0.0000,0.0000,0.0000
0.7100,3039.0000,0.0000,0.0000,0.0000
0.7200,3048.0000,0.0000,0.0000,0.0000
0.7300,3057.0000,0.0000,0.0000,0.0000
0.7400,3066.0000,0.0000,0.0000,0.0000
0.7500,3075.0000,0.0000,0.0000,0.0000
0.7600,3084.0000,0.0000,0.0000,0.0000
0.7700,3093.0000,0.0000,0.0000,0.0000
0.7800,3102.0000,0.0000,0.0000,0.0000
0.7900,3111.0000,0.0000,0.0000,0.0000
0.8000,3120.0000,0.0000,0.0000,0.0000
0.8100,3129.0000,0.0471,0.0000,0.0000
0.8200,3138.0000,0.0942,0.0000,0.0000
0.8300,3147.0000,0.1410,0.0000,0.0000
0.8400,3156.0000,0.1877,0.0000,0.0000
0.8500,3165.0000,0.2341,0.0000,0.0000
0.8600,3174.0000,0.2801,0.0000,0.0000
0.8700,3183.0000,0.3257,0.0000,0.0000
0.8800,3192.0000,0.3708,0.0000,0.0000
0.8900,3201.0000,0.4153,0.0000,0.0000
0.9000,3210.0000,0.4592,0.0000,0.0000
0.9100,3219.0000,0.5024,0.0000,0.0000
0.9200,3228.0000,0.5448,0.0000,0.0000
0.9300,3237.0000,0.5863,0.0000,0.0000
0.9400,3246.0000,0.6270,0.0000,0.0000
0.9500,3255.0000,0.6667,0.0000,0.0000
0.9600,3264.0000,0.7053,0.0000,0.0000
0.9700,3273.0000,0.7429,0.0000,0.0000
0.9800,3282.0000,0.7793,0.0000,0.0000
0.9900,3291.0000,0.8146,0.0000,0.0000
1.0000,3300.0000,0.8485,0.0000,0.0000
1.0100,3309.0000,0.8812,0.0000,0.0000
1.0200,3318.0000,0.9125,0.0000,0.0000
1.0300,3327.0000,0.9424,0.0000,0.0000
1.0400,3336.0000,0.9708,0.0000,0.0000
1.0500,3345.0000,0.9978,0.0000,0.0000
1.0600,3354.0000,1.0232,0.0000,0.0000
1.0700,3363.0000,1.0470,0.0000,0.0000
1.0800,3372.0000,1.0692,0.0000,0.0000
1.0900,3381.0000,1.0898,0.0000,0.0000
1.1000,3390.0000,1.1087,0.0000,0.0000
1.1100,3399.0000,1.1258,0.0000,0.0000
1.1200,3408.0000,1.1413,0.0000,0.0000
1.1300,3417.0000,1.1549,0.0000,0.0000
1.1400,3426.0000,1.1668,0.0000,0.0000
1.1500,3435.0000,1.1769,0.0000,0.0000
1.1600,3444.0000,1.1852,0.0000,0.0000
1.1700,3453.0000,1.1917,0.0000,0.0000
1.1800,3462.0000,1.1963,0.0000,0.0000
1.1900,3471.0000,1.1991,0.0000,0.0000
1.2000,3480.0000,1.2000,0.0000,0.0000
1.2100,3489.0000,1.1991,0.0000,0.0000
1.2200,3498.0000,1.1963,0.0000,0.0000
1.2300,3507.0000,1.1917,0.0000,0.0000
1.2400,3516.0000,1.1852,0.0000,0.0000
1.2500,3525.0000,1.1769,0.0000,0.0000
1.2600,3534.0000,1.1668,0.0000,0.0000
1.2700,3543.0000,1.1549,0.0000,0.0000
1.2800,3552.0000,1.1413,0.0000,0.0000
1.2900,3561.0000,1.1258,0.0000,0.0000
1.3000,3570.0000,1.1087,0.0000,0.0000
1.3100,3579.0000,1.0898,0.0000,0.0000
1.3200,3588.0000,1.0692,0.0000,0.0000
1.3300,3597.0000,1.0470,0.0000,0.0000
1.3400,3606.0000,1.0232,0.0000,0.0000
1.3500,3615.0000,0.9978,0.0000,0.0000
1.3600,3624.0000,0.9708,0.0000,0.0000
1.3700,3633.0000,0.9424,0.0000,0.0000
1.3800,3642.0000,0.9125,0.0000,0.0000
1.3900,3651.0000,0.8812,0.0000,0.0000
1.4000,3660.0000,0.8485,0.0000,0.0000
1.4100,3669.0000,0.8146,0.0000,0.0000
1.4200,3678.0000,0.7793,0.0000,0.0000
1.4300,3687.0000,0.7429,0.0000,0.0000
1.4400,3696.0000,0.7053,0.0000,0.0000
1.4500,3705.0000,0.6667,0.0000,0.0000
1.4600,3714.0000,0.6270,0.0000,0.0000
1.4700,3723.0000,0.5863,0.0000,0.0000
1.4800,3732.0000,0.5448,0.0000,0.0000
1.4900,3741.0000,0.5024,0.0000,0.0000
1.5000,3750.0000,0.4592,0.0000,0.0000
1.5100,3759.0000,0.4153,0.0000,0.0000
1.5200,3768.0000,0.3708,0.0000,0.0000
1.5300,3777.0000,0.3257,0.0000,0.0000
1.5400,3786.0000,0.2801,0.0000,0.0000
1.5500,3795.0000,0.2341,0.0000,0.0000
1.5600,3804.0000,0.1877,0.0000,0.0000
1.5700,3813.0000,0.1410,0.0000,0.0000
1.5800,3822.0000,0.0942,0.0000,0.0000
1.5900,3831.0000,0.0471,0.0000,0.0000
1.6000,3840.0000,0.0000,0.0000,0.0000
1.6100,3849.0000,0.0000,0.0000,0.0000
1.6200,3858.0000,0.0000,0.0000,0.0000
1.6300,3867.0000,0.0000,0.0000,0.0000
1.6400,3876.0000,0.0000,0.0000,0.0000
1.6500,3885.0000,0.0000,0.0000,0.0000
1.6600,3894.0000,0.0000,0.0000,0.0000
1.6700,3903.0000,0.0000,0.0000,0.0000
1.6800,3912.0000,0.0000,0.0000,0.0000
1.6900,3921.0000,0.0000,0.0000,0.0000
1.7000,3930.0000,0.0000,0.0000,0.0000
1.7100,3939.0000,0.0000,0.0000,0.0000
1.7200,3948.0000,0.0000,0.0000,0.0000
1.7300,3957.0000,0.0000,0.0000,0.0000
1.7400,3966.0000,0.0000,0.0000,0.0000
1.7500,3975.0000,0.0000,0.0000,0.0000
1.7600,3984.0000,0.0000,0.0000,0.0000
1.7700,3993.0000,0.0000,0.0000,0.0000
1.7800,4002.0000,0.0000,0.0000,0.0000
1.7900,4011.0000,0.0000,0.0000,0.0000
1.8000,4020.0000,0.0000,0.0000,0.0000
1.8100,4029.0000,0.0000,0.1882,0.0000
1.8200,4038.0000,0.0000,0.3748,0.0000
1.8300,4047.0000,0.0000,0.5580,0.0000
1.8400,4056.0000,0.0000,0.7362,0.0000
1.8500,4065.0000,0.0000,0.9080,0.0000
1.8600,4074.0000,0.0000,1.0717,0.0000
1.8700,4083.0000,0.0000,1.2258,0.0000
1.8800,4092.0000,0.0000,1.3691,0.0000
1.8900,4101.0000,0.0000,1.5002,0.0000
1.9000,4110.0000,0.0000,1.6180,0.0000
1.9100,4119.0000,0.0000,1.7215,0.0000
1.9200,4128.0000,0.0000,1.8097,0.0000
1.9300,4137.0000,0.0000,1.8818,0.0000
1.9400,4146.0000,0.0000,1.9372,0.0000
1.9500,4155.0000,0.0000,1.9754,0.0000
1.9600,4164.0000,0.0000,1.9961,0.0000
1.9700,4173.0000,0.0000,1.9990,0.0000
1.9800,4182.0000,0.0000,1.9842,0.0000
1.9900,4191.0000,0.0000,1.9518,0.0000
2.0000,4200.0000,0.0000,1.9021,0.0000
2.0100,4200.0000,0.0000,1.8355,0.0000
2.0200,4200.0000,0.0000,1.7526,0.0000
2.0300,4200.0000,0.0000,1.6542,0.0000
2.0400,4200.0000,0.0000,1.5410,0.0000
2.0500,4200.0000,0.0000,1.4142,0.0000
2.0600,4200.0000,0.0000,1.2748,0.0000
2.0700,4200.0000,0.0000,1.1242,0.0000
2.0800,4200.0000,0.0000,0.9635,0.0000
2.0900,4200.0000,0.0000,0.7943,0.0000
2.1000,4200.0000,0.0000,0.6180,0.0000
2.1100,4200.0000,0.0000,0.4363,0.0000
2.1200,4200.0000,0.0000,0.2507,0.0000
2.1300,4200.0000,0.0000,0.0628,0.0000
2.1400,4200.0000,0.0000,-0.1256,0.0000
2.1500,4200.0000,0.0000,-0.3129,0.0000
2.1600,4200.0000,0.0000,-0.4974,0.0000
2.1700,4200.0000,0.0000,-0.6775,0.0000
2.1800,4200.0000,0.0000,-0.8516,0.0000
2.1900,4200.0000,0.0000,-1.0181,0.0000
2.2000,4200.0000,0.0000,-1.1756,0.0000
2.2100,4200.0000,0.0000,-1.3226,0.0000
2.2200,4200.0000,0.0000,-1.4579,0.0000
2.2300,4200.0000,0.0000,-1.5803,0.0000
2.2400,4200.0000,0.0000,-1.6887,0.0000
2.2500,4200.0000,0.0000,-1.7820,0.0000
2.2600,4200.0000,0.0000,-1.8596,0.0000
2.2700,4200.0000,0.0000,-1.9206,0.0000
2.2800,4200.0000,0.0000,-1.9646,0.0000
2.2900,4200.0000,0.0000,-1.9911,0.0000
2.3000,4200.0000,0.0000,-2.0000,0.0000
2.3100,4200.0000,0.0000,-1.9911,0.0000
2.3200,4200.0000,0.0000,-1.9646,0.0000
2.3300,4200.0000,0.0000,-1.9206,0.0000
2.3400,4200.0000,0.0000,-1.8596,0.0000
2.3500,4200.0000,0.0000,-1.7820,0.0000
2.3600,4200.0000,0.0000,-1.6887,0.0000
2.3700,4200.0000,0.0000,-1.5803,0.0000
2.3800,4200.0000,0.0000,-1.4579,0.0000
2.3900,4200.0000,0.0000,-1.3226,0.0000
2.4000,4200.0000,0.0000,-1.1756,0.0000
2.4100,4200.0000,0.0000,-1.0181,0.0000
2.4200,4200.0000,0.0000,-0.8516,0.0000
2.4300,4200.0000,0.0000,-0.6775,0.0000
2.4400,4200.0000,0.0000,-0.4974,0.0000
2.4500,4200.0000,0.0000,-0.3129,0.0000
2.4600,4200.0000,0.0000,-0.1256,0.0000
2.4700,4200.0000,0.0000,0.0628,0.0000
2.4800,4200.0000,0.0000,0.2507,0.0000
2.4900,4200.0000,0.0000,0.4363,0.0000
2.5000,4200.0000,0.0000,0.6180,0.0000
2.5100,4200.0000,0.0000,0.7943,0.0000
2.5200,4200.0000,0.0000,0.9635,0.0000
2.5300,4200.0000,0.0000,1.1242,0.0000
2.5400,4200.0000,0.0000,1.2748,0.0000
2.5500,4200.0000,0.0000,1.4142,0.0000
2.5600,4200.0000,0.0000,1.5410,0.0000
2.5700,4200.0000,0.0000,1.6542,0.0000
2.5800,4200.0000,0.0000,1.7526,0.0000
2.5900,4200.0000,0.0000,1.8355,0.0000
2.6000,4200.0000,0.0000,1.9021,1.0000
2.6100,4200.0000,0.0000,1.9518,1.0000
2.6200,4200.0000,0.0000,1.9842,1.0000
2.6300,4200.0000,0.0000,1.9990,1.0000
2.6400,4200.0000,0.0000,1.9961,1.0000
2.6500,4200.0000,0.0000,1.9754,1.0000
2.6600,4200.0000,0.0000,1.9372,1.0000
2.6700,4200.0000,0.0000,1.8818,1.0000
2.6800,4200.0000,0.0000,1.8097,1.0000
2.6900,4200.0000,0.0000,1.7215,1.0000
2.7000,4200.0000,0.0000,1.6180,1.0000
2.7100,4200.0000,0.0000,1.5002,1.0000
2.7200,4200.0000,0.0000,1.3691,1.0000
2.7300,4200.0000,0.0000,1.2258,1.0000
2.7400,4200.0000,0.0000,1.0717,1.0000
2.7500,4200.0000,0.0000,0.9080,1.0000
2.7600,4200.0000,0.0000,0.7362,1.0000
2.7700,4200.0000,0.0000,0.5580,1.0000
2.7800,4200.0000,0.0000,0.3748,1.0000
2.7900,4200.0000,0.0000,0.1882,1.0000
2.8000,4200.0000,0.0000,0.0000,1.0000
2.8100,4200.0000,0.0000,0.0000,1.0000
2.8200,4200.0000,0.0000,0.0000,1.0000
2.8300,4200.0000,0.0000,0.0000,1.0000
2.8400,4200.0000,0.0000,0.0000,1.0000
2.8500,4200.0000,0.0000,0.0000,1.0000
2.8600,4200.0000,0.0000,0.0000,1.0000
2.8700,4200.0000,0.0000,0.0000,1.0000
2.8800,4200.0000,0.0000,0.0000,1.0000
2.8900,4200.0000,0.0000,0.0000,1.0000
2.9000,4200.0000,0.0000,0.0000,1.0000
2.9100,4200.0000,0.0000,0.0000,1.0000
2.9200,4200.0000,0.0000,0.0000,1.0000
2.9300,4200.0000,0.0000,0.0000,1.0000
2.9400,4200.0000,0.0000,0.0000,1.0000
2.9500,4200.0000,0.0000,0.0000,1.0000
2.9600,4200.0000,0.0000,0.0000,1.0000
2.9700,4200.0000,0.0000,0.0000,1.0000
2.9800,4200.0000,0.0000,0.0000,1.0000
2.9900,4200.0000,0.0000,0.0000,1.0000
3.0000,4200.0000,0.0000,0.0000,1.0000
3.0100,4200.0000,0.0000,0.0000,1.0000
3.0200,4200.0000,0.0000,0.0000,1.0000
3.0300,4200.0000,0.0000,0.0000,1.0000
3.0400,4200.0000,0.0000,0.0000,1.0000
3.0500,4200.0000,0.0000,0.0000,1.0000
3.0600,4200.0000,0.0000,0.0000,1.0000
3.0700,4200.0000,0.0000,0.0000,1.0000
3.0800,4200.0000,0.0000,0.0000,1.0000
3.0900,4200.0000,0.0000,0.0000,1.0000
3.1000,4200.0000,0.0000,0.0000,1.0000
3.1100,4200.0000,0.0000,0.0000,1.0000
3.1200,4200.0000,0.0000,0.0000,1.0000
3.1300,4200.0000,0.0000,0.0000,1.0000
3.1400,4200.0000,0.0000,0.0000,1.0000
3.1500,4200.0000,0.0000,0.0000,1.0000
3.1600,4200.0000,0.0000,0.0000,1.0000
3.1700,4200.0000,0.0000,0.0000,1.0000
3.1800,4200.0000,0.0000,0.0000,1.0000
3.1900,4200.0000,0.0000,0.0000,1.0000
3.2000,4200.0000,0.0000,0.0000,1.0000
3.2100,4200.0000,0.0000,0.0000,1.0000
3.2200,4200.0000,0.0000,0.0000,1.0000
3.2300,4200.0000,0.0000,0.0000,1.0000
3.2400,4200.0000,0.0000,0.0000,1.0000
3.2500,4200.0000,0.0000,0.0000,1.0000
3.2600,4200.0000,0.0000,0.0000,1.0000
3.2700,4200.0000,0.0000,0.0000,1.0000
3.2800,4200.0000,0.0000,0.0000,1.0000
3.2900,4200.0000,0.0000,0.0000,1.0000
3.3000,4200.0000,0.0000,0.0000,1.0000
3.3100,4200.0000,0.0000,0.0000,1.0000
3.3200,4200.0000,0.0000,0.0000,1.0000
3.3300,4200.0000,0.0000,0.0000,1.0000
3.3400,4200.0000,0.0000,0.0000,1.0000
3.3500,4200.0000,0.0000,0.0000,1.0000
3.3600,4200.0000,0.0000,0.0000,1.0000
3.3700,4200.0000,0.0000,0.0000,1.0000
3.3800,4200.0000,0.0000,0.0000,1.0000
3.3900,4200.0000,0.0000,0.0000,1.0000
3.4000,4200.0000,-0.0000,0.0000,1.0000
3.4100,4200.0000,-0.0837,0.0000,1.0000
3.4200,4200.0000,-0.1672,0.0000,1.0000
3.4300,4200.0000,-0.2503,0.0000,1.0000
3.4400,4200.0000,-0.3327,0.0000,1.0000
3.4500,4200.0000,-0.4141,0.0000,1.0000
3.4600,4200.0000,-0.4944,0.0000,1.0000
3.4700,4200.0000,-0.5734,0.0000,1.0000
3.4800,4200.0000,-0.6508,0.0000,1.0000
3.4900,4200.0000,-0.7264,0.0000,1.0000
3.5000,4200.0000,-0.8000,0.0000,1.0000
3.5100,4200.0000,-0.8714,0.0000,1.0000
3.5200,4200.0000,-0.9405,0.0000,1.0000
3.5300,4200.0000,-1.0069,0.0000,1.0000
3.5400,4200.0000,-1.0706,0.0000,1.0000
3.5500,4200.0000,-1.1314,0.0000,1.0000
3.5600,4200.0000,-1.1890,0.0000,1.0000
3.5700,4200.0000,-1.2434,0.0000,1.0000
3.5800,4200.0000,-1.2944,0.0000,1.0000
3.5900,4200.0000,-1.3419,0.0000,1.0000
3.6000,4200.0000,-1.3856,0.0000,1.0000
3.6100,4200.0000,-1.4256,0.0000,1.0000
3.6200,4200.0000,-1.4617,0.0000,1.0000
3.6300,4200.0000,-1.4937,0.0000,1.0000
3.6400,4200.0000,-1.5217,0.0000,1.0000
3.6500,4200.0000,-1.5455,0.0000,1.0000
3.6600,4200.0000,-1.5650,0.0000,1.0000
3.6700,4200.0000,-1.5803,0.0000,1.0000
3.6800,4200.0000,-1.5912,0.0000,1.0000
3.6900,4200.0000,-1.5978,0.0000,1.0000
3.7000,4200.0000,-1.6000,0.0000,1.0000
3.7100,4200.0000,-1.5978,0.0000,1.0000
3.7200,4200.0000,-1.5912,0.0000,1.0000
3.7300,4200.0000,-1.5803,0.0000,1.0000
3.7400,4200.0000,-1.5650,0.0000,1.0000
3.7500,4200.0000,-1.5455,0.0000,1.0000
3.7600,4200.0000,-1.5217,0.0000,1.0000
3.7700,4200.0000,-1.4937,0.0000,1.0000
3.7800,4200.0000,-1.4617,0.0000,1.0000
3.7900,4200.0000,-1.4256,0.0000,1.0000
3.8000,4200.0000,-1.3856,0.0000,1.0000
3.8100,4200.0000,-1.3419,0.0000,1.0000
3.8200,4200.0000,-1.2944,0.0000,1.0000
3.8300,4200.0000,-1.2434,0.0000,1.0000
3.8400,4200.0000,-1.1890,0.0000,1.0000
3.8500,4200.0000,-1.1314,0.0000,1.0000
3.8600,4200.0000,-1.0706,0.0000,1.0000
3.8700,4200.0000,-1.0069,0.0000,1.0000
3.8800,4200.0000,-0.9405,0.0000,1.0000
3.8900,4200.0000,-0.8714,0.0000,1.0000
3.9000,4200.0000,-0.8000,0.0000,1.0000
3.9100,4200.0000,-0.7264,0.0000,1.0000
3.9200,4200.0000,-0.6508,0.0000,1.0000
3.9300,4200.0000,-0.5734,0.0000,1.0000
3.9400,4200.0000,-0.4944,0.0000,1.0000
3.9500,4200.0000,-0.4141,0.0000,1.0000
3.9600,4200.0000,-0.3327,0.0000,1.0000
3.9700,4200.0000,-0.2503,0.0000,1.0000
3.9800,4200.0000,-0.1672,0.0000,1.0000
3.9900,4200.0000,-0.0837,0.0000,1.0000
4.0000,4200.0000,0.0000,0.0000,1.0000
4.0100,4200.0000,0.0000,0.0000,1.0000
4.0200,4200.0000,0.0000,0.0000,1.0000
4.0300,4200.0000,0.0000,0.0000,1.0000
4.0400,4200.0000,0.0000,0.0000,1.0000
4.0500,4200.0000,0.0000,0.0000,1.0000
4.0600,4200.0000,0.0000,0.0000,1.0000
4.0700,4200.0000,0.0000,0.0000,1.0000
4.0800,4200.0000,0.0000,0.0000,1.0000
4.0900,4200.0000,0.0000,0.0000,1.0000
4.1000,4200.0000,0.0000,0.0000,1.0000
4.1100,4200.0000,0.0000,0.0000,1.0000
4.1200,4200.0000,0.0000,0.0000,1.0000
4.1300,4200.0000,0.0000,0.0000,1.0000
4.1400,4200.0000,0.0000,0.0000,1.0000
4.1500,4200.0000,0.0000,0.0000,1.0000
4.1600,4200.0000,0.0000,0.0000,1.0000
4.1700,4200.0000,0.0000,0.0000,1.0000
4.1800,4200.0000,0.0000,0.0000,1.0000
4.1900,4200.0000,0.0000,0.0000,1.0000
4.2000,4200.0000,0.0000,0.0000,1.0000
4.2100,4200.0000,0.0000,0.0000,1.0000
4.2200,4200.0000,0.0000,0.0000,1.0000
4.2300,4200.0000,0.0000,0.0000,1.0000
4.2400,4200.0000,0.0000,0.0000,1.0000
4.2500,4200.0000,0.0000,0.0000,1.0000
4.2600,4200.0000,0.0000,0.0000,1.0000
4.2700,4200.0000,0.0000,0.0000,1.0000
4.2800,4200.0000,0.0000,0.0000,1.0000
4.2900,4200.0000,0.0000,0.0000,1.0000
4.3000,4200.0000,0.0000,0.0000,1.0000
4.3100,4200.0000,0.0000,0.0000,1.0000
4.3200,4200.0000,0.0000,0.0000,1.0000
4.3300,4200.0000,0.0000,0.0000,1.0000
4.3400,4200.0000,0.0000,0.0000,1.0000
4.3500,4200.0000,0.0000,0.0000,1.0000
4.3600,4200.0000,0.0000,0.0000,1.0000
4.3700,4200.0000,0.0000,0.0000,1.0000
4.3800,4200.0000,0.0000,0.0000,1.0000
4.3900,4200.0000,0.0000,0.0000,1.0000
4.4000,4200.0000,0.0000,0.0000,1.0000
4.4100,4200.0000,0.0000,0.0000,1.0000
4.4200,4200.0000,0.0000,0.0000,1.0000
4.4300,4200.0000,0.0000,0.0000,1.0000
4.4400,4200.0000,0.0000,0.0000,1.0000
4.4500,4200.0000,0.0000,0.0000,1.0000
4.4600,4200.0000,0.0000,0.0000,1.0000
4.4700,4200.0000,0.0000,0.0000,1.0000
4.4800,4200.0000,0.0000,0.0000,1.0000
4.4900,4200.0000,0.0000,0.0000,1.0000
4.5000,4200.0000,0.0000,0.0000,1.0000
4.5100,4200.0000,0.0000,0.0000,1.0000
4.5200,4200.0000,0.0000,0.0000,1.0000
4.5300,4200.0000,0.0000,0.0000,1.0000
4.5400,4200.0000,0.0000,0.0000,1.0000
4.5500,4200.0000,0.0000,0.0000,1.0000
4.5600,4200.0000,0.0000,0.0000,1.0000
4.5700,4200.0000,0.0000,0.0000,1.0000
4.5800,4200.0000,0.0000,0.0000,1.0000
4.5900,4200.0000,0.0000,0.0000,1.0000
4.6000,4200.0000,0.0000,0.0000,1.0000
4.6100,4200.0000,0.0000,0.0000,1.0000
4.6200,4200.0000,0.0000,0.0000,1.0000
4.6300,4200.0000,0.0000,0.0000,1.0000
4.6400,4200.0000,0.0000,0.0000,1.0000
4.6500,4200.0000,0.0000,0.0000,1.0000
4.6600,4200.0000,0.0000,0.0000,1.0000
4.6700,4200.0000,0.0000,0.0000,1.0000
4.6800,4200.0000,0.0000,0.0000,1.0000
4.6900,4200.0000,0.0000,0.0000,1.0000
4.7000,4200.0000,0.0000,0.0000,1.0000
4.7100,4200.0000,0.0000,0.0000,1.0000
4.7200,4200.0000,0.0000,0.0000,1.0000
4.7300,4200.0000,0.0000,0.0000,1.0000
4.7400,4200.0000,0.0000,0.0000,1.0000
4.7500,4200.0000,0.0000,0.0000,1.0000
4.7600,4200.0000,0.0000,0.0000,1.0000
4.7700,4200.0000,0.0000,0.0000,1.0000
4.7800,4200.0000,0.0000,0.0000,1.0000
4.7900,4200.0000,0.0000,0.0000,1.0000
4.8000,4200.0000,0.0000,0.0000,0.0000
4.8100,4200.0000,0.0000,0.0000,0.0000
4.8200,4200.0000,0.0000,0.0000,0.0000
4.8300,4200.0000,0.0000,0.0000,0.0000
4.8400,4200.0000,0.0000,0.0000,0.0000
4.8500,4200.0000,0.0000,0.0000,0.0000
4.8600,4200.0000,0.0000,0.0000,0.0000
4.8700,4200.0000,0.0000,0.0000,0.0000
4.8800,4200.0000,0.0000,0.0000,0.0000
4.8900,4200.0000,0.0000,0.0000,0.0000
4.9000,4200.0000,0.0000,0.0000,0.0000
4.9100,4200.0000,0.0000,0.0000,0.0000
4.9200,4200.0000,0.0000,0.0000,0.0000
4.9300,4200.0000,0.0000,0.0000,0.0000
4.9400,4200.0000,0.0000,0.0000,0.0000
4.9500,4200.0000,0.0000,0.0000,0.0000
4.9600,4200.0000,0.0000,0.0000,0.0000
4.9700,4200.0000,0.0000,0.0000,0.0000
4.9800,4200.0000,0.0000,0.0000,0.0000
4.9900,4200.0000,0.0000,0.0000,0.0000
5.0000,4200.0000,0.0000,0.0000,0.0000
5.0100,4200.0000,0.0000,0.0000,0.0000
5.0200,4200.0000,0.0000,0.0000,0.0000
5.0300,4200.0000,0.0000,0.0000,0.0000
5.0400,4200.0000,0.0000,0.0000,0.0000
5.0500,4200.0000,0.0000,0.0000,0.0000
5.0600,4200.0000,0.0000,0.0000,0.0000
5.0700,4200.0000,0.0000,0.0000,0.0000
5.0800,4200.0000,0.0000,0.0000,0.0000
5.0900,4200.0000,0.0000,0.0000,0.0000
5.1000,4200.0000,0.0000,0.0000,0.0000
5.1100,4200.0000,0.0000,0.0000,0.0000
5.1200,4200.0000,0.0000,0.0000,0.0000
5.1300,4200.0000,0.0000,0.0000,0.0000
5.1400,4200.0000,0.0000,0.0000,0.0000
5.1500,4200.0000,0.0000,0.0000,0.0000
5.1600,4200.0000,0.0000,0.0000,0.0000
5.1700,4200.0000,0.0000,0.0000,0.0000
5.1800,4200.0000,0.0000,0.0000,0.0000
5.1900,4200.0000,0.0000,0.0000,0.0000
5.2000,4200.0000,0.0000,0.0000,0.0000
5.2100,4200.0000,0.0000,0.0000,0.0000
5.2200,4200.0000,0.0000,0.0000,0.0000
5.2300,4200.0000,0.0000,0.0000,0.0000
5.2400,4200.0000,0.0000,0.0000,0.0000
5.2500,4200.0000,0.0000,0.0000,0.0000
5.2600,4200.0000,0.0000,0.0000,0.0000
5.2700,4200.0000,0.0000,0.0000,0.0000
5.2800,4200.0000,0.0000,0.0000,0.0000
5.2900,4200.0000,0.0000,0.0000,0.0000
5.3000,4200.0000,0.0000,0.0000,0.0000
5.3100,4200.0000,0.0000,0.0000,0.0000
5.3200,4200.0000,0.0000,0.0000,0.0000
5.3300,4200.0000,0.0000,0.0000,0.0000
5.3400,4200.0000,0.0000,0.0000,0.0000
5.3500,4200.0000,0.0000,0.0000,0.0000
5.3600,4200.0000,0.0000,0.0000,0.0000
5.3700,4200.0000,0.0000,0.0000,0.0000
5.3800,4200.0000,0.0000,0.0000,0.0000
5.3900,4200.0000,0.0000,0.0000,0.0000
5.4000,4200.0000,0.0000,0.0000,0.0000
5.4100,4200.0000,0.0000,0.0000,0.0000
5.4200,4200.0000,0.0000,0.0000,0.0000
5.4300,4200.0000,0.0000,0.0000,0.0000
5.4400,4200.0000,0.0000,0.0000,0.0000
5.4500,4200.0000,0.0000,0.0000,0.0000
5.4600,4200.0000,0.0000,0.0000,0.0000
5.4700,4200.0000,0.0000,0.0000,0.0000
5.4800,4200.0000,0.0000,0.0000,0.0000
5.4900,4200.0000,0.0000,0.0000,0.0000
